Frame,X1,Y1,Flag1,X2,Y2,Flag2,X3,Y3,Flag3,X4,Y4,Flag4,X5,Y5,Flag5,X6,Y6,Flag6,X7,Y7,Flag7,X8,Y8,Flag8,X9,Y9,Flag9,X10,Y10,Flag10
Tracks 1 to 10
1,1094.7433,117.0946, , , , , , , , , , , , , , , , , , , , , , , , , , , , 
2,1097.1538,116.0641, , , , , , , , , , , , , , , , , , , , , , , , , , , , 
3,1097.5714,121.27551, , , , , , , , , , , , , , , , , , , , , , , , , , , , 
4,1101.625,124.693184, , , , , , , , , , , , , , , , , , , , , , , , , , , , 
5,1102.4672,122.090164, , , , , , , , , , , , , , , , , , , , , , , , , , , , 
6,1101.5189,122.73585, , , , , , , , , , , , , , , , , , , , , , , , , , , , 
7,1106.5319,127.754776, , , , , , , , , , , , , , , , , , , , , , , , , , , , 
8,1107.9878,125.89024, , , , , , , , , , , , , , , , , , , , , , , , , , , , 
9,1113.6613,128.46774, , , , , , , , , , , , , , , , , , , , , , , , , , , , 
10,1115.0211,123.95071, , , , , , , , , , , , , , , , , , , , , , , , , , , , 
11,1115.6616,120.14646, , , , , , , , , , , , , , , , , , , , , , , , , , , , 
12,1115.5476,113.95238, ,1111.5,357.9902, , , , , , , , , , , , , , , , , , , , , , , , , 
13,1117.5515,110.30412, ,1108.5834,358.5, , , , , , , , , , , , , , , , , , , , , , , , , 
14,1112.1692,108.57519, ,1104.5197,355.36273, , , , , , , , , , , , , , , , , , , , , , , , , 
15,1114.7255,110.539215, ,1102.949,352.88776, , , , , , , , , , , , , , , , , , , , , , , , , 
16,1111.9227,109.88145, ,1106.4788,356.07446, , , , , , , , , , , , , , , , , , , , , , , , , 
17,1113.743,106.294395, ,1103.04,354.68, , , , , , , , , , , , , , , , , , , , , , , , , 
18,1114.9071,108.15487, ,1107.9082,354.7449, , , , , , , , , , , , , , , , , , , , , , , , , 
19,1116.14,110.364, ,1106.341,353.6591, , , , , , , , , , , , , , , , , , , , , , , , , 
20,1115.1757,108.02252, ,1109.6459,348.25, , , , , , , , , , , , , , , , , , , , , , , , , 
21,1114.4835,110.0124, ,1107.0319,348.43616, , , , , , , , , , , , , , , , , , , , , , , , , 
22,1112.2587,110.5, ,1107.5,354.66327, , , , , , , , , , , , , , , , , , , , , , , , , 
23,1110.0897,109.226494, ,1111.0918,348.5, , , , , , , , , , , , , , , , , , , , , , , , , 
24,1110.0676,106.22973, ,1108.2556,349.63333, , , , , , , , , , , , , , , , , , , , , , , , , 
25,1107.5491,109.02941, ,1107.0209,353.35416, , , , , , , , , , , , , , , , , , , , , , , , , 
26,1107.7577,107.58247, ,1108.8182,350.29544, , , , , , , , , , , , , , , , , , , , , , , , , 
27,1108.3643,108.41358, ,1105.9286,354.27142, , , , , , , , , , , , , , , , , , , , , , , , , 
28,1105.7655,107.17257, ,1104.8658,357.47562, , , , , , , , , , , , , , , , , , , , , , , , , 
29,1104.0765,109.166664, ,1106.4706,358.91177, , , , , , , , , , , , , , , , , , , , , , , , , 
30,1105.3806,108.17164, ,1105.7667,362.3889, , , , , , , , , , , , , , , , , , , , , , , , , 
31,1104.5,105.752525, ,1106.7307,357.34616, , , , , , , , , , , , , , , , , , , , , , , , , 
32,1104.3595,102.92975, ,1106.1744,361.2907, ,535.0,594.375, , , , , , , , , , , , , , , , , , , , , , 
33,1100.5225,103.47753, ,1104.221,366.59302, ,531.8571,595.8929, , , , , , , , , , , , , , , , , , , , , , 
34,1099.8816,106.210526, ,1106.8191,364.8617, ,533.3571,594.6429, , , , , , , , , , , , , , , , , , , , , , 
35,1094.8606,101.483604, ,1101.9318,368.79544, ,540.2368,597.5526, , , , , , , , , , , , , , , , , , , , , , 
36,1096.0,104.734695, ,1099.0,369.20456, ,545.7683,592.9146, , , , , , , , , , , , , , , , , , , , , , 
37,1095.0138,104.711006, ,1099.0555,372.12222, ,550.3293,586.4268, , , , , , , , , , , , , , , , , , , , , , 
38,1094.6887,102.90566, ,1099.02,368.58, ,544.4474,586.0, , , , , , , , , , , , , , , , , , , , , , 
39,1095.8833,97.825, ,1102.5435,365.43478, ,540.3947,583.8158, , , , , , , , , , , , , , , , , , , , , , 
40,1098.724,97.172, ,1109.4803,364.63727, ,538.6395,579.22095, , , , , , , , , , , , , , , , , , , , , , 
41,1099.746,92.60317, ,1106.4362,361.92554, ,538.8171,584.939, , , , , , , , , , , , , , , , , , , , , , 
42,1102.0769,92.41538, ,1103.9082,360.41837, ,544.06757,582.0135, , , , , , , , , , , , , , , , , , , , , , 
43,1099.9531,91.25, ,1105.4231,357.65384, ,548.0641,578.37177, , , , , , , , , , , , , , , , , , , , , , 
44,1098.6895,85.59091, ,1100.6132,359.46225, ,542.6,580.55, , , , , , , , , , , , , , , , , , , , , , 
45,1100.4556,85.50741, ,1100.6459,359.58334, ,539.54877,581.2317, , , , , , , , , , , , , , , , , , , , , , 
46,1101.9642,83.50714, ,1100.4788,356.07446, ,537.7439,575.59753, , , , , , , , , , , , , , , , , , , , , , 
47,1099.9421,85.836845, ,1097.6923,361.25, ,534.7564,576.3461, , , , , , , , , , , , , , , , , , , , , , 
48,1094.9174,87.24016, ,1103.18,356.54, ,533.3293,580.061, , , , , , , , , , , , , , , , , , , , , , 
49,1092.9724,82.45276, ,1107.398,356.2551, ,538.4459,581.17566, , , , , , , , , , , , , , , , , , , , , , 
50,1093.7115,79.25961, ,1112.5944,357.6698, ,536.9146,578.5244, , , , , , , , , , , , , , , , , , , , , , 
51,1092.4728,82.3, ,1109.3823,361.69608, ,537.85297,571.32355, , , , , , , , , , , , , , , , , , , , , , 
52,1093.3505,80.99533, ,1108.3125,364.79166, ,534.375,564.75, , , , , , , , , , , , , , , , , , , , , , 
53,1090.91,81.09, ,1103.6154,368.15384, ,535.1923,564.4487, , , , , , , , , , , , , , , , , , , , , , 
54,1089.8375,82.0875, ,1102.5212,364.01065, ,535.8714,565.2714, , , , , , , , , , , , , , , , , , , , , , 
55,1090.7535,88.45775, ,1102.3937,372.35107, ,536.6875,556.8125, , , , , , , , , , , , , , , , , , , , , , 
56,1090.125,89.7125, ,1102.3937,373.07446, ,540.1061,554.3485, , , , , , , , , , , , , , , , , , , , , , 
57,1093.9884,86.61628, ,1101.4056,374.1415, ,542.0714,553.2143, , , , , , , , , , , , , , , , , , , , , , 
58,1093.7307,84.05385, ,1102.4788,374.07446, ,545.17566,552.17566, , , , , , , , , , , , , , , , , , , , , , 
59,1094.3776,82.44898, ,1103.52,371.58, ,543.2105,553.6579, , , , , , , , , , , , , , , , , , , , , , 
60,1094.2341,81.5, ,1105.2333,370.6111, ,547.25,550.1, , , , , , , , , , , , , , , , , , , , , , 
61,1092.2386,81.39773, ,1102.7979,364.62766, ,548.2568,551.17566, , , , , , , , , , , , , , , , , , , , , , 
62,1091.2593,81.75926, ,1099.4387,359.11224, ,547.61536,555.46155, , , , , , , , , , , , , , , , , , , , , , 
63,1092.2181,82.55454, ,1104.051,358.90817, ,547.21875,556.8125, ,1017.36273,395.16666, , , , , , , , , , , , , , , , , , , 
64,1095.2192,78.61404, ,1101.32,355.74, ,549.5833,555.05554, ,1018.5,397.92105, , , , , , , , , , , , , , , , , , , 
65,1100.125,75.885414, ,1099.7941,359.48038, ,546.3788,554.7121, ,1017.5833,394.75,*, , , , , , , , , , , , , , , , , , 
66,1097.977,78.36239, ,1101.2548,360.65094, ,546.55884,556.8823, ,1016.1548,392.3095, , , , , , , , , , , , , , , , , , , 
67,1095.2554,80.67021, ,1102.3667,364.9, ,543.78204,554.9872, ,1014.8372,394.5, , , , , , , , , , , , , , , , , , , 
68,1094.1,82.7, ,1099.1666,368.54166, ,546.2838,551.7432, ,1008.9889,392.6, , , , , , , , , , , , , , , , , , , 
69,1094.35,81.73333, ,1104.9131,370.69565, ,549.9667,555.76666, ,1011.1916,391.79907, , , , , , , , , , , , , , , , , , , 
70,1089.0363,77.108696, ,1103.3695,375.08694, ,545.0,549.1875, ,1010.6827,390.67307, , , , , , , , , , , , , , , , , , , 
71,1084.8654,79.55769, ,1100.5,382.11905, ,543.54,553.54, ,1012.9762,387.5, , , , , , , , , , , , , , , , , , , 
72,1082.8485,74.106064, ,1098.9,379.32224, ,539.5,555.0, ,1007.6539,393.16666, , , , , , , , , , , , , , , , , , , 
73,1085.3704,70.796295, ,1096.949,380.64285, ,538.28125,550.03125, ,1002.6489,385.62766, , , , , , , , , , , , , , , , , , , 
74, , , ,1099.875,382.5625, ,543.5732,543.10974, ,1005.7569,385.23395, , , , , , , , , , , , , , , , , , , 
75, , , ,1104.5454,385.43182, ,546.6628,544.0349, ,1003.5706,382.18234, , , , , , , , , , , , , , , , , , , 
76, , , ,1103.8877,384.84692, ,542.8261,542.43475, ,1006.0952,381.7738, , , , , , , , , , , , , , , , , , , 
77, , , ,1104.341,382.75, ,543.949,542.39795, ,1006.70514,377.98718, , , , , , , , , , , , , , , , , , , 
78, , , ,1107.4773,387.75, ,541.8077,549.78204, ,1009.9706,378.19412, , , , , , , , , , , , , , , , , , , 
79, , , ,1101.3049,390.37805, ,546.0333,547.7, ,1013.6169,373.4221, , , , , , , , , , , , , , , , , , , 
80, , , ,1098.314,388.66278, ,550.2692,547.1923, ,1022.939,373.06097, , , , , , , , , , , , , , , , , , , 
81, , , ,1099.2609,387.0, ,550.43475,548.43475, ,1023.94446,376.16666, , , , , , , , , , , , , , , , , , , 
82, , , ,1093.1305,386.08694, ,546.7653,544.31635, ,1019.63336,375.90952, , , , , , , , , , , , , , , , , , , 
83, , , ,1095.375,385.64584, ,547.4804,542.7941, ,1017.2059,377.09805, , , , , , , , , , , , , , , , , , , 
84, , , ,1097.674,386.36957, ,548.64636,543.4756, ,1018.06757,379.24774, , , , , , , , , , , , , , , , , , , 
85, , , ,1100.8636,387.38635, ,548.3913,550.13043, ,1015.98694,384.1, , , , , , , , , , , , , , , , , , , 
86, , , ,1099.9,387.47778, ,546.6389,543.6111, ,1015.96295,385.49075, , , , , , , , , , , , , , , , , , , 
87, , , ,1091.4783,390.13043, ,546.30554,542.80554, ,1011.63336,385.6, ,1076.0,931.8, , , , , , , , , , , , , , , , 
88, , , ,1092.7307,387.34616, ,543.7,540.15, ,1013.092,387.596, ,1081.4,928.4, , , , , , , , , , , , , , , , 
89, , , ,1089.9546,388.70456, ,545.3485,540.2879, ,1012.49084,386.55505, ,1080.7941,927.91174, , , , , , , , , , , , , , , , 
90, , , ,1086.4286,390.0238, ,549.7632,537.6053, ,1007.9737,385.8509, ,1080.4615,928.03845, , , , , , , , , , , , , , , , 
91, , , ,1082.2675,389.19766, ,544.2241,538.0172, ,1008.0086,383.55173, ,1076.5,928.0, , , , , , , , , , , , , , , , 
92, , , ,1088.5,386.67075, ,540.85297,540.0294, ,1007.76263,379.5909, ,1078.8055,925.69446, , , , , , , , , , , , , , , , 
93, , , ,1089.9722,383.41666, ,538.6842,539.4211, ,1005.6579,373.92105, ,1081.9546,927.6212, , , , , , , , , , , , , , , , 
94, , , ,1091.6578,386.60526, ,541.45,541.1, ,1010.4737,374.9298, ,1080.3,926.95715, , , , , , , , , , , , , , , , 
95, , , ,1095.1875,382.0625, , , , ,1011.0577,376.79807, ,1081.1666,924.01514, , , , , , , , , , , , , , , , 
96, , , , , , , , , ,1010.3684,372.71054, ,1084.7122,925.5909, , , , , , , , , , , , , , , , 
97, , , , , , , , , ,1008.71136,378.92276, ,1085.5,926.6515, , , , , , , , , , , , , , , , 
98, , , , , , , , , ,1003.6682,378.2757, ,1081.8077,932.8461, , , , , , , , , , , , , , , , 
99, , , , , , , , , ,1005.7547,377.71698, ,1084.3846,935.03845, , , , , , , , , , , , , , , , 
100, , , , , , , , , ,1004.6413,377.03262, ,1090.3846,933.03845, , , , , , , , , , , , , , , , 
101, , , , , , , , , ,1001.1759,377.19446, ,1097.2273,936.8333, , , , , , , , , , , , , , , , 
102, , , , , , , , , ,999.1981,379.4151, ,1094.2273,937.5, , , , , , , , , , , , , , , , 
103, , , , , , , , , ,1000.5093,381.43518, ,1096.5869,934.2826, , , , , , , , , , , , , , , , 
104, , , , , , , , , ,999.2647,377.1706, ,1100.3928,938.4286, , , , , , , , , , , , , , , , 
105, , , , , , , , , ,994.8333,373.76666, ,1099.1072,932.8929, , , , , , , , , , , , , , , , 
106, , , , , , , , , ,995.1556,373.27777, ,1095.06,928.66, , , , , , , , , , , , , , , , 
107, , , , , , , , , ,987.7222,370.3111, ,1092.3572,931.1786, , , , , , , , , , , , , , , , 
108, , , , , , , , , ,990.05054,364.19662, ,1096.4642,932.1071, , , , , , , , , , , , , , , , 
109, , , , , , , , , ,992.46704,367.3901, ,1094.3438,926.25, , , , , , , , , , , , , , , , 
110, , , , , , , , , ,995.717,368.79245, ,1101.8529,922.8823, , , , , , , , , , , , , , , , 
111, , , , , , , , , ,994.7647,367.64706, ,1109.1129,920.69354, , , , , , , , , , , , , , , , 
112, , , , , , , , , ,991.01544,364.08762, ,1113.7858,921.0143, , , , , , , , , , , , , , , , 
113, , , , , , , , , ,989.31396,365.2907, ,1119.5,917.6724, , , , , , , , , , , , , , , , 
114, , , , , , , , , ,987.19666,359.71347, ,1116.3276,912.9483, , , , , , , , , , , , , , , , 
115, , , , , , , , , ,989.4474,361.3421, ,1111.4688,915.40625, , , , , , , , , , , , , , , , 
116, , , , , , , , , ,986.0789,364.11404,*,1118.7142,919.7857, , , , , , , , , , , , , , , , 
117, , , , , , , , , ,987.37354,365.67242, ,1111.7413,920.15515, , , , , , , , , , , , , , , , 
118, , , , , , , , , ,989.68,366.36, ,1111.2097,925.371, , , , , , , , , , , , , , , , 
119, , , , , , , , , ,993.4672,366.12296, ,1109.4412,928.7059, , , , , , , , , , , , , , , , 
120, , , , , , , , , ,994.05225,362.85822, ,1108.2142,925.24286, , , , , , , , , , , , , , , , 
121, , , , , , , , , ,991.5769,361.5, ,1109.6818,926.2879, , , , , , , , , , , , , , , , 
122, , , , , , , , , ,992.6429,361.94446, ,1114.625,928.96875, , , , , , , , , , , , , , , , 
123, , , , , , , , , ,987.86584,359.54877, ,1118.0294,925.17645, , , , , , , , , , , , , , , , 
124, , , , , , , , , ,989.6389,367.27777, ,1116.5,923.0, , , , , , , , , , , , , , , , 
125, , , , , , , , , ,985.5,361.38235, ,1117.3788,928.5, , , , , , , , , , , , , , , , 
126, , , , , , , , , ,981.625,361.9375, ,1119.5,929.08826, , , , , , , , , , , , , , , , 
127, , , , , , , , , ,983.5909,366.19696, ,1118.0,930.56665, , , , , , , , , , , , , , , , 
128, , , , , , , , , ,987.5833,360.79166, ,1117.9333,932.3, , , , , , , , , , , , , , , , 
129, , , , , , , , , ,983.35455,363.7, ,1120.5,931.0, , , , , , , , , , , , , , , , 
130, , , , , , , , , ,978.05316,369.67023, ,1118.54,936.34, , , , , , , , , , , , , , , , 
131, , , , , , , , , ,982.1962,371.7658, ,1118.5,932.9194, , , , , , , , , , , , , , , , 
132, , , , , , , , , ,974.81036,366.75287, ,1118.4,927.5333, , , , , , , , , , , , , , , , 
133, , , , , , , , , ,976.8291,364.9557, ,1118.3823,924.1177, , , , , , , , , , , , , , , , 
134, , , , , , , , , ,976.6975,363.54938, ,1117.0555,925.7778, , , , , , , , , , , , , , , , 
135, , , , , , , , , ,974.4315,359.56848, ,1112.5303,923.92426, , , , , , , , , , , , , , , , 
136, , , , , , , , , ,974.5417,361.8889, ,1115.4714,920.1, , , , , , , , , , , , , , , , 
137, , , , , , , , , ,974.78204,364.41025, ,1110.1364,924.1667, , , , , , , , , , , , , , , , 
138, , , , , , , , , ,970.5595,365.65475, ,1106.3286,923.1857, , , , , , , , , , , , , , , , 
139, , , , , , , , , ,973.78766,365.00684, ,1103.7285,919.2143, , , , , , , , , , , , , , , , 
140, , , , , , , , , ,977.40564,361.61322, ,1104.4697,917.3182, , , , , , , , , , , , , , , , 
141, , , , , , , , , ,982.8036,364.07144, ,1101.7,912.63336, , , , , , , , , , , , , , , , 
142, , , , , , , , , ,980.6045,363.78357, , , , , , , , , , , , , , , , , , , 
143, , , , , , , , , ,976.869,361.1905, , , , , , , , , , , , , , , , , , , 
144, , , , , , , , , ,977.67926,356.42453, , , , , , , , , , , , , , , , , , , 
145, , , , , , , , , ,978.84656,363.64853, , , , , , , , , , , , , , , , , , , 
146, , , , , , , , , ,980.3395,364.89505, , , , , , , , , , , , , , , , , , , 
147, , , , , , , , , ,979.43054,359.70834, , , , , , , , , , , , , , , , , , , 
148, , , , , , , , , ,979.6579,358.51315, , , , , , , , , , , , , , , , , , , 
149, , , , , , , , , ,975.21576,358.6579, , , , , , , , , , , , , , , , , , , 
150, , , , , , , , , ,974.54,357.98, , , , ,878.9762,535.5476, , , , , , , , , , , , , 
151, , , , , , , , , ,980.3,361.9, , , , ,877.8625,536.875, , , , , , , , , , , , , 
152, , , , , , , , , ,979.9054,363.52704, , , , ,875.34,537.4867, , , , , , , , , , , , , 
153, , , , , , , , , ,977.8571,364.25714, , , , ,870.46,538.14, , , , , , , , , , , , , 
154, , , , , , , , , ,982.35333,364.02, , , , ,871.0921,537.3158, , , , , , , , , , , , , 
155, , , , , , , , , ,979.2143,366.0, , , , ,873.2625,534.675, , , , , , , , , , , , , 
156, , , , , , , , , ,976.24286,367.7, , , , ,876.6067,534.44666, , , , , , , , , , , , , 
157, , , , , , , , , ,976.8014,365.85617, , , , ,877.0128,534.8205, , , , , , , , , , , , , 
158, , , , , , , , , ,976.62726,368.9, , , , ,879.0862,537.23566, , , , , , , , , , , , , 
159, , , , , , , , , ,977.6429,365.92856, , , , ,883.1429,536.2653, , , , , , , , , , , , , 
160, , , , , , , , , ,976.7632,370.07895, , , , ,884.38464,536.0513, , , , , , , , , , , , , 
161, , , , , , , , , ,979.4143,366.35715, , , , ,885.9857,531.881, , , , , , , , , , , , , 
162, , , , , , , , , ,980.6667,363.63333, , , , ,885.9237,534.1525, , , , , , , , , , , , , 
163, , , , , , , , , ,984.6875,359.08334, , , , ,887.6584,533.0248, , , , , , , , , , , , , 
164, , , , , , , , , ,978.7222,361.5, , , , ,882.3506,531.8908, , , , , , , , , , , , , 
165, , , , , , , , , , , , , , , ,884.1598,533.36597, , , , , , , , , , , , , 
166, , , , , , , , , , , , , , , ,883.5093,529.7315, , , , , , , , , , , , , 
167, , , , , , , , , , , , , , , ,883.1539,534.37177, , , , , , , , , , , , , 
168, , , , , , , , , , , , , , , ,884.0854,529.6951, , , , , , , , , , , , , 
169, , , , , , , , , , , , , , , ,888.5,533.80884, , , , , , , , , , , , , 
170, , , , , , , , , , , , , , , ,887.925,538.775, , , , , , , , , , , , , 
171, , , , , , , , , , , , , , , ,886.1279,535.8488, , , , , , , , , , , , , 
172, , , , , , , , , , , , , , , ,889.1875,536.9, , , , , , , , , , , , , 
173, , , , , , , , , , , , , , , ,894.3052,538.9286, , , , , , , , , , , , , 
174, , , , , , , , , , , , , , , ,892.3171,536.939, ,822.7857,359.42856, , , , , , , , , , 
175, , , , , , , , , , , , , , , ,892.0714,535.9286, ,828.9231,355.71155, , , , , , , , , , 
176, , , , , , , , , , , , , , , ,892.7857,535.1667, ,829.0333,354.28333, , , , , , , , , , 
177, , , , , , , , , , , , , , , ,892.45917,542.8469,*,825.2455,359.22726, , , , , , , , , , 
178, , , , , , , , , , , , , , , ,891.2586,539.7414, ,823.9286,358.4107, , , , , , , , , , 
179, , , , , , , , , , , , , , , ,891.9039,545.25, ,821.8333,357.71667, , , , , , , , , , 
180, , , , , , , , , , , , , , , ,891.3077,546.36536, ,822.8692,360.9, , , , , , , , , , 
181, , , , , , , , , , , , , , , ,894.2778,549.18256, ,827.02545,357.2966, , , , , , , , , , 
182, , , , , , , , , , , , , , , ,891.63696,547.1301, ,826.3913,358.82608, , , , , , , , , , 
183, , , , , , , , , , , , , , , ,893.1889,547.5222, ,832.3889,354.6111, , , , , , , , , , 
184, , , , , , , , , , , , , , , ,890.93396,548.31134, ,836.80615,352.76532, , , , , , , , , , 
185, , , , , , , , , , , , , , , ,886.22974,551.0135, ,833.37756,356.29593, , , , , , , , , , 
186, , , , , , , , , , , , , , , ,891.2681,548.23914, ,829.5784,357.69608, , , , , , , , , , 
187, , , , , , , , , , , , , , , ,890.5156,548.625, ,831.5612,358.70407, , , , , , , , , , 
188, , , , , , , , , , , , , , , ,886.7281,552.7807, ,831.20215,356.45746, , , , , , , , , , 
189, , , , , , , , , , , , , , , ,886.5851,557.6702, ,828.9286,361.61905, , , , , , , , , , 
190, , , , , , , , , , , , , , , ,891.13635,561.4091, ,827.6957,359.67392, , , , , , , , , , 
191, , , , , , , , , , , , , , , ,889.21875,559.59375, ,828.5909,356.5, , , , , , , , , , 
192, , , , , , , , , , , , , , , ,891.5328,556.4016, ,824.9706,356.59805, , , , , , , , , , 
193, , , , , , , , , , , , , , , ,892.84424,553.15576, ,819.91815,356.17273, , , , , , , , , , 
194, , , , , , , , , , , , , , , ,896.1977,553.43024, ,820.1326,358.5, , , , , , , , , , 
195, , , , , , , , , , , , , , , ,893.1429,550.6429, ,817.2037,360.7037, , , , , , , , , , 
196, , , , , , , , , , , , , , , ,895.5612,544.90814, ,815.6961,363.7353, , , , , , , , , , 
197, , , , , , , , , , , , , , , ,892.7553,540.56384, ,819.59436,366.40567, , , , , , , , , , 
198, , , , , , , , , , , , , , , ,891.9286,538.51587, ,813.3333,368.75925, ,775.75,1002.0, , , , , , , 
199, , , , , , , , , , , , , , , ,897.7041,539.9286, ,815.7414,372.0345, ,773.6818,1003.3182, , , , , , , 
200, , , , , , , , , , , , , , , ,894.1667,538.3333, ,824.22,374.08, ,779.5625,1008.9375, , , , , , , 
201, , , , , , , , , , , , , , , ,900.5702,541.1491, ,830.2451,369.9902, ,776.1923,1004.2692, , , , , , , 
202, , , , , , , , , , , , , , , ,897.38464,535.9423, ,825.56384,365.28723, ,777.8077,1007.5, ,885.2361,363.79166, , , , 
203, , , , , , , , , , , , , , , ,897.43475,534.45654, ,825.6702,366.43616, ,781.96155,1009.7308, ,881.4589,364.29453, , , , 
204, , , , , , , , , , , , , , , ,895.0161,533.629, ,830.54254,371.9468, ,787.40625,1012.8125, ,885.3333,361.39395, , , , 
205, , , , , , , , , , , , , , , ,894.2627,526.3644, ,829.1889,371.96667, ,790.431,1013.18964, ,883.15,359.1, , , , 
206, , , , , , , , , , , , , , , ,898.7174,526.7754, ,827.7766,378.37234, ,792.1774,1010.1774, ,884.85486,357.0, , , , 
207, , , , , , , , , , , , , , , ,892.569,527.15515, ,832.9359,381.93588, ,784.21875,1010.1875, ,880.90985,352.07376, , , , 
208, , , , , , , , , , , , , , , ,898.5833,531.1389, ,834.2143,380.11905, ,783.73334,1012.1667, ,877.72034,350.02542, , , , 
209, , , , , , , , , , , , , , , ,891.2848,530.12024, ,835.525,379.125, ,783.42,1009.74, ,875.7241,350.0862, , , , 
210, , , , , , , , , , , , , , , ,891.29224,528.43506, ,832.64703,379.79413, ,779.86664,1010.5, ,884.95905,350.2541, , , , 
211, , , , , , , , , , , , , , , ,893.5,530.6573, ,834.2879,381.28787, ,773.9,1013.4667, ,882.4661,353.41525, , , , 
212, , , , , , , , , , , , , , , ,893.3409,526.625, ,839.0,379.33334, ,776.7727,1012.4697, ,880.26666,352.63333, , , , 
213, , , , , , , , , , , , , , , ,891.46106,522.0714, ,834.0526,374.44736, ,772.0172,1011.5, ,882.822,352.21185, , , , 
214, , , , , , , , , , , , , , , ,895.5575,525.2012, ,838.35,375.9, ,772.53845,1013.1923, ,882.4434,351.06604, , , , 
215, , , , , , , , , , , , , , , ,897.73865,526.6477, ,832.825,372.925, ,779.06665,1011.1, ,879.3525,351.15573, , , , 
216, , , , , , , , , , , , , , , ,902.8012,526.3313, ,829.275,365.525, ,778.4091,1012.92426, ,872.46,344.86, , , , 
217, , , , , , , , , , , , , , , ,906.88776,526.45917, ,830.275,363.0, ,779.5,1021.9839, ,869.7857,348.9643, , , , 
218, , , , , , , , , , , , , , , ,907.6184,524.0921, ,833.7041,363.60205, ,780.23334,1023.9, ,868.217,347.0283, , , , 
219, , , , , , , , , , , , , , , ,910.39874,525.3608, ,832.4,361.86, ,776.23334,1022.36664, ,867.6923,350.8654, , , , 
220, , , , , , , , , , , , , , , ,910.98334,528.88336, ,838.4039,358.0, ,772.2143,1021.9286, ,866.5,350.0, , , , 
221, , , , , , , , , , , , , , , ,913.95056,526.5879, ,833.569,357.2069, ,768.0172,1027.5, ,862.4388,352.05103, , , , 
222, , , , , , , , , , , , , , , ,913.7469,522.46295, ,833.2037,350.7037, ,763.7258,1030.5646, ,866.3889,356.74445, , , , 
223, , , , , , , , , , , , , , , ,912.4318,520.4659, ,835.1,344.91818, ,765.0769,1032.3462, ,863.2037,354.83334, ,967.5,407.5, 
224, , , , , , , , , , , , , , , ,910.38635,518.0682, ,841.03705,337.7037, ,764.5769,1030.9615, ,861.35187,354.94446, ,966.0,399.8, 
225, , , , , , , , , , , , , , , ,913.8953,518.2907, ,838.74,330.56, ,766.0714,1023.6071, ,862.9545,359.9909, ,964.9545,396.86365, 
226, , , , , , , , , , , , , , , ,914.26697,516.78156, ,841.0577,324.40384, ,766.5,1026.0, ,857.3868,359.00943, ,966.9,395.43332, 
227, , , , , , , , , , , , , , , ,911.7381,516.0333, ,838.06525,324.80435, ,766.1774,1029.4354, ,857.6539,358.46155, ,968.5323,402.08066, 
228, , , , , , , , , , , , , , , ,909.9286,516.3571, ,831.7708,321.70834, ,770.9,1033.4333, ,853.15576,351.0246, ,971.4808,395.92307, 
229, , , , , , , , , , , , , , , ,910.4551,520.01685, ,832.619,317.0, ,767.7222,1036.0186, ,852.61865,349.3644, ,968.2368,396.10526, 
230, , , , , , , , , , , , , , , ,912.61237,516.82587, ,831.6961,315.7353, ,765.76086,1038.1086, ,852.34485,349.89655, ,968.8939,399.4697, 
231, , , , , , , , , , , , , , , ,914.32355,522.2647, ,829.63464,321.42307, ,770.2778,1037.7593, ,852.0088,347.60526, ,972.8393,406.19644, 
232, , , , , , , , , , , , , , , ,913.78,522.58, ,831.949,320.39795, ,767.5333,1044.9, ,855.76416,344.61322, ,970.55634,408.07745, 
233, , , , , , , , , , , , , , , ,910.42224,528.3, ,829.2544,320.92105, ,766.39655,1043.7413, ,852.08,342.72, ,972.0323,410.4355, 
234, , , , , , , , , , , , , , , ,908.3571,528.9935, ,829.0517,319.48276, ,770.1,1038.2333, ,855.7982,340.00876, ,970.1667,409.8, 
235, , , , , , , , , , , , , , , ,904.6458,530.7917, ,827.4074,317.0926, ,771.5,1036.409, ,853.6,341.35, ,967.6667,411.77777,*
236, , , , , , , , , , , , , , , ,906.2012,524.58044, ,824.88,320.44, ,768.6515,1031.8636, ,853.125,338.75, ,965.94116,410.79413,*
237, , , , , , , , , , , , , , , ,903.5575,526.06323, ,825.4388,324.7857, ,770.1,1030.2333, ,851.18854,338.2541, ,958.26715,408.5548, 
238, , , , , , , , , , , , , , , ,897.8,523.94446, ,827.76,327.82, ,768.43335,1027.6666, ,849.8273,340.75455, ,960.4649,414.8684, 
239, , , , , , , , , , , , , , , ,897.117,517.44684, ,827.48,332.24, ,762.59375,1020.875, ,848.0088,346.1316, ,960.64545,416.1182, 
240, , , , , , , , , , , , , , , ,899.72546,518.8823, ,825.7045,337.3409, ,764.2857,1020.3929, ,842.94,345.8, ,951.7542,414.21185, 
241, , , , , , , , , , , , , , , ,907.09033,517.74097, ,826.3723,338.60638, ,762.371,1023.1774, ,841.05383,347.05383, ,954.2857,407.80356, 
242, , , , , , , , , , , , , , , ,905.4059,520.2647, ,824.88776,340.82654, ,765.1667,1023.1, ,835.6579,348.0614, ,955.07574,410.4697, 
243, , , , , , , , , , , , , , , ,902.6778,518.1222, ,829.7778,342.01852,*,764.6515,1019.86365, ,839.1308,355.94617, ,956.82434,413.1757, 
244, , , , , , , , , , , , , , , ,900.4213,520.55615, ,829.0577,347.71155, ,768.12067,1017.5345, ,843.09015,354.17212, ,957.0172,409.99426, 
245, , , , , , , , , , , , , , , ,894.3889,518.3765, ,826.88,346.6, ,764.3387,1015.4355, ,845.6967,353.64755, ,954.6558,411.55194, 
246, , , , , , , , , , , , , , , ,892.82294,517.0, ,823.5741,352.33334, ,766.74243,1020.8939, ,843.0484,354.5, ,952.32855,406.84286, 
247, , , , , , , , , , , , , , , ,896.1731,514.5289, ,824.17346,348.52042, ,770.7121,1020.7727, ,846.91815,356.06363, ,957.94446,407.72223, 
248, , , , , , , , , , , , , , , ,896.95654,517.9783, ,821.45917,353.13266, ,764.25,1023.375, ,844.46,349.78, ,956.7273,409.0, 
249, , , , , , , , , , , , , , , ,897.8889,518.8222, ,821.6064,357.22342, ,770.625,1023.78125, ,844.0,354.5, ,958.3,407.88, 
250, , , , , , , , , , , , , , , ,897.73865,521.51135, ,825.3261,358.84784, ,769.7222,1026.0186, ,844.5909,359.63635, ,953.3,408.9125, 
251, , , , , , , , , , , , , , , ,901.5,524.881, ,823.275,353.9, ,770.34,1023.74, ,840.3261,361.02173, ,955.7167,407.73334, 
252, , , , , , , , , , , , , , , ,907.54346,525.8623, ,817.9545,352.25, ,768.5,1025.0807, ,833.06525,355.63043,*,954.1795,405.94873, 
253, , , , , , , , , , , , , , , ,905.3977,529.3523, ,818.5968,354.14517, ,774.40625,1018.53125, ,830.8333,350.35715, ,952.3765,406.37656, 
254, , , , , , , , , , , , , , , ,908.0821,531.6642, ,823.63043,353.0,*,772.1875,1020.09375, ,834.76086,351.76086, ,951.3077,401.84616, 
255, , , , , , , , , , , , , , , ,913.6525,528.0085, ,826.5,352.5,*,769.8929,1027.4642, , , , ,943.46075,401.34314, 
256, , , , , , , , , , , , , , , ,909.9048,532.0595, ,824.94446,352.6111, ,776.43335,1027.6666, , , , ,936.1316,401.55264, 
257, , , , , , , , , , , , , , , ,907.1795,531.0769, , , , ,779.60345,1030.2931, , , , ,942.625,405.45834,*
258, , , , , , , , , , , , , , , ,907.6316,531.0, , , , ,777.46875,1026.875, , , , ,944.1731,401.6346,*
259, , , , , , , , , , , , , , , ,906.48096,528.3095, , , , ,778.5968,1032.6936, , , , ,940.48914,401.43478, 
260, , , , , , , , , , , , , , , ,909.9138,524.58044, , , , ,773.3387,1027.2742, , , , ,938.7766,392.96808, 
261, , , , , , , , , , , , , , , ,914.2079,526.32025, , , , ,772.3333,1026.0667, , , , ,933.2523,393.75687, 
262, , , , , , , , , , , , , , , ,912.92224,527.44446, , , , ,774.69354,1027.7258, , , , ,931.84045,398.29788, 
263, , , , , , , , , , , , , , , ,915.34375,532.57294, , , , ,776.45,1033.75, , , , ,931.3434,402.94577, 
264, , , , , , , , , , , , , , , ,916.3101,536.3481, , , , ,781.587,1025.5, , , , ,931.0213,401.46808, 
265, , , , , , , , , , , , , , , ,914.0172,536.15515, , , , ,785.5357,1024.0714, , , , ,929.1829,401.07318, 
266, , , , , , , , , , , , , , , ,915.1445,540.1111, , , , ,783.94446,1022.7593, , , , ,929.1279,402.1744, 
267, , , , , , , , , , , , , , , ,915.97314,533.457, , , , ,785.9,1028.6333, , , , ,927.23334,400.15555, 
268, , , , , , , , , , , , , , , ,918.58453,539.3732, , , , ,784.0172,1030.4656, , , , ,927.061,405.06097, 
269, , , , , , , , , , , , , , , ,921.1667,531.3, , , , ,783.9,1025.4667, , , , ,927.38635,401.1591, 
270, , , , , , , , , , , , , , , ,920.1429,528.8214, , , , ,784.5645,1021.69354, , , , ,929.2816,399.47702, 
271, , , , , , , , , , , , , , , ,922.3333,525.9286, , , , ,786.7857,1024.3214, , , , ,933.7471,396.1, 
272, , , , , , , , , , , , , , , ,923.17926,530.3868, , , , ,789.8182,1021.2727, , , , ,933.94037,393.30734, 
273, , , , , , , , , , , , , , , ,927.3823,526.6177, , , , ,786.5,1023.9545, , , , ,936.67645,392.25293, 
274, , , , , , , , , , , , , , , ,929.37756,524.80615, , , , ,788.96155,1019.8077, , , , ,939.13635,394.8409, 
275, , , , , , , , , , , , , , , ,920.2143,523.8571, , , , ,791.3333,1027.9166, , , , ,943.23334,390.51904, 
276, , , , , , , , , , , , , , , ,925.23334,522.36664, , , , ,789.36365,1031.4546, , , , ,942.05054,391.67978, 
277, , , , , , , , , , , , , , , ,923.8684,521.5526, , , , ,787.3889,1030.0555, , , , ,938.049,395.37256, 
278, , , , , , , , , , , , , , , , , , , , , ,787.4231,1029.9615, , , , ,940.0804,387.74106, 
279, , , , , , , , , , , , , , , , , , , , , , , , , , , ,942.30554,388.41666, 
280, , , , , , , , , , , , , , , , , , , , , , , , , , , ,944.4068,386.45764, 
281, , , , , , , , , , , , , , , , , , , , , , , , , , , ,947.07733,386.52063, 
282, , , , , , , , , , , , , , , , , , , , , , , , , , , ,951.12103,388.43683, 
283, , , , , , , , , , , , , , , , , , , , , , , , , , , ,948.1322,386.6839, 
284, , , , , , , , , , , , , , , , , , , , , , , , , , , ,953.4245,387.83963, 
285, , , , , , , , , , , , , , , , , , , , , , , , , , , ,958.92706,389.04166, 
286, , , , , , , , , , , , , , , , , , , , , , , , , , , ,962.7292,387.5625, 
287, , , , , , , , , , , , , , , , , , , , , , , , , , , ,961.06335,393.02112, 
288, , , , , , , , , , , , , , , , , , , , , , , , , , , ,957.9023,390.0977, 
289, , , , , , , , , , , , , , , , , , , , , , , , , , , ,958.99316,385.67807, 
290, , , , , , , , , , , , , , , , , , , , , , , , , , , ,958.4375,387.9625, 
291, , , , , , , , , , , , , , , , , , , , , , , , , , , ,958.1479,389.20422, 
292, , , , , , , , , , , , , , , , , , , , , , , , , , , ,955.2901,396.16666, 
293, , , , , , , , , , , , , , , , , , , , , , , , , , , ,951.69116,402.77942, 
294, , , , , , , , , , , , , , , , , , , , , , , , , , , ,952.0484,398.14517, 
295, , , , , , , , , , , , , , , , , , , , , , , , , , , ,953.03845,401.0, 
296, , , , , , , , , , , , , , , , , , , , , , , , , , , ,951.075,401.225, 
297, , , , , , , , , , , , , , , , , , , , , , , , , , , ,954.8585,407.7264, 
298, , , , , , , , , , , , , , , , , , , , , , , , , , , ,958.36957,410.02173, 
299, , , , , , , , , , , , , , , , , , , , , , , , , , , ,958.92224,406.43332, 
300, , , , , , , , , , , , , , , , , , , , , , , , , , , ,957.38336,406.25, 
